{"cameraMode":{"drawMode":0,"name":"Shaded","section":"Shading Mode"},"sceneLighting":true,"audioPlay":false,"sceneViewState":{"showFog":true,"showMaterialUpdate":false,"showSkybox":true,"showFlares":true,"showImageEffects":true,"showParticleSystems":true},"in2DMode":false,"pivot":{"x":5.770869255065918,"y":3.8706254959106447,"z":2.08771014213562},"rotation":{"x":-0.094762422144413,"y":0.7655637264251709,"z":-0.11594581604003906,"w":-0.6256921291351318},"size":6.006244659423828,"orthographic":false}