{"cameraMode":{"drawMode":0,"name":"Shaded","section":"Shading Mode"},"sceneLighting":false,"audioPlay":false,"sceneViewState":{"showFog":true,"showMaterialUpdate":false,"showSkybox":true,"showFlares":true,"showImageEffects":true,"showParticleSystems":true},"in2DMode":false,"pivot":{"x":-0.00000476837158203125,"y":2.250349998474121,"z":0.00000476837158203125},"rotation":{"x":0.17816542088985444,"y":-0.5525204539299011,"z":0.1222856342792511,"w":0.8050152063369751},"size":26.17489242553711,"orthographic":false}