{"cameraMode":{"drawMode":0,"name":"Shaded","section":"Shading Mode"},"sceneLighting":true,"audioPlay":false,"sceneViewState":{"showFog":true,"showMaterialUpdate":false,"showSkybox":true,"showFlares":true,"showImageEffects":true,"showParticleSystems":true},"in2DMode":false,"pivot":{"x":-1.0106481313705445,"y":0.25982365012168887,"z":0.8868764638900757},"rotation":{"x":0.02278779074549675,"y":0.04197213053703308,"z":-0.0009584474610164762,"w":0.9988648891448975},"size":4.497222900390625,"orthographic":false}